Student ID;Institution;Year of Study;GPA;Loadshedding Frequency;Loadshedding Duration;Loadshedding Impact
94633;University of KwaZulu-Natal;2;0,198986605;6;10,06744402;None
20119;University of Johannesburg;3;3,919091566;6;18,39163548;Moderate
93793;University of Pretoria;4;3,141112037;6;19,57644614;Moderate
73430;University of Cape Town;2;0,080345204;5;14,0633788;Severe
39593;University of KwaZulu-Natal;2;0,471393213;6;5,382044082;Moderate
90786;University of Pretoria;3;1,574708161;0;14,67025596;None
79591;University of Pretoria;1;1,214293664;0;20,88393019;Severe
56593;University of KwaZulu-Natal;4;3,301859547;6;4,397881772;Moderate
70052;University of KwaZulu-Natal;1;3,161033256;4;22,61834871;Minimal
62889;Stellenbosch University;2;2,100437364;2;10,31514248;Severe
36395;University of Johannesburg;3;2,670598058;6;16,18953144;Moderate
63185;University of Johannesburg;1;0,265444326;5;6,115487744;Severe
41708;University of Cape Town;3;3,580726355;6;13,02580965;Minimal
42945;University of Pretoria;4;2,096272438;1;23,2436792;None
88707;University of KwaZulu-Natal;1;0,566424445;5;14,12498855;Severe
57915;University of Pretoria;4;0,680181574;6;10,07803113;Moderate
75743;University of Johannesburg;1;0,491642774;6;13,00998508;Moderate
55741;University of Cape Town;1;0,834341912;5;11,35906211;None
39973;University of Pretoria;3;1,256336429;0;21,98457518;None
96261;University of Cape Town;2;0,353175368;0;15,93445946;Moderate
42631;University of KwaZulu-Natal;1;0,188379644;3;14,09197939;Severe
15823;University of KwaZulu-Natal;4;0,863938304;2;7,791672176;Severe
33300;University of Cape Town;4;2,369038046;5;2,48345826;None
53888;Stellenbosch University;2;2,84583092;6;12,19271029;None
58849;University of Cape Town;4;2,936259753;1;23,53224673;Minimal
77914;University of KwaZulu-Natal;1;3,809016648;2;7,569496166;Minimal
85230;University of Cape Town;4;2,650340564;6;18,25754668;Moderate
50638;University of Cape Town;3;3,988748186;4;15,62854415;Minimal
84372;University of Johannesburg;4;2,32576808;2;17,88227837;Minimal
26121;Stellenbosch University;2;3,576983444;6;10,71407719;Moderate
62617;Stellenbosch University;1;0,323075108;0;10,47833239;None
26211;University of Pretoria;1;3,205025615;4;19,1986108;Severe
26644;University of Pretoria;1;3,541145072;6;7,453587056;Moderate
71534;University of Pretoria;1;3,255850865;5;8,565909863;Moderate
19023;University of Johannesburg;3;0,020185688;0;0,260857769;Minimal
58182;University of KwaZulu-Natal;4;0,536091497;1;17,26752968;Severe
73097;University of Cape Town;1;3,163121078;4;3,835272629;None
24245;Stellenbosch University;3;2,971695812;6;22,89478574;Minimal
44669;University of Pretoria;1;3,780462754;1;5,151458846;Minimal
75476;University of KwaZulu-Natal;2;2,446790571;2;19,25466492;Severe
24617;University of Johannesburg;3;1,213143513;3;17,00409144;None
31339;University of Johannesburg;1;2,644181352;5;8,408644707;None
60682;University of Cape Town;3;3,795063295;4;2,705771994;Severe
61005;University of KwaZulu-Natal;2;2,488066736;3;15,52781798;None
65033;Stellenbosch University;3;3,795908702;2;12,60261439;Minimal
93369;University of KwaZulu-Natal;4;3,069649481;0;11,19964857;Severe
14186;University of KwaZulu-Natal;2;1,870006721;1;4,480290547;Moderate
19721;University of Cape Town;2;1,382796519;3;13,36629645;Minimal
64398;University of KwaZulu-Natal;2;2,688573795;2;2,129411746;None
13110;Stellenbosch University;4;1,374722321;4;15,8373198;Minimal
95379;University of KwaZulu-Natal;3;3,007122439;2;5,926464385;Severe
74445;University of Cape Town;3;1,229090499;3;4,938913967;Severe
94352;University of KwaZulu-Natal;4;2,057297004;3;16,71366301;Minimal
85064;Stellenbosch University;3;2,149078174;3;17,65527229;None
84915;University of Johannesburg;4;3,045747925;4;8,975355512;Moderate
19960;Stellenbosch University;4;0,138030557;0;10,94092042;None
79851;Stellenbosch University;3;0,181331591;6;2,845327433;Moderate
97713;University of Pretoria;3;0,214112327;4;10,08657053;Minimal
51837;University of Cape Town;3;2,49896325;4;5,801728307;Severe
67235;Stellenbosch University;1;0,290212042;1;21,94222239;Severe
37301;University of Johannesburg;1;0,64215916;3;18,19355761;Minimal
55537;University of Pretoria;1;0,238085607;2;21,48086436;Severe
80539;University of Pretoria;1;0,965580737;6;19,96340529;None
67330;University of KwaZulu-Natal;3;1,684407303;5;1,653867267;Severe
21849;University of KwaZulu-Natal;4;0,267688579;0;2,608068618;None
89780;University of KwaZulu-Natal;3;1,264754;0;22,80611863;Minimal
30603;University of Pretoria;4;1,402954872;5;0,545949452;Severe
63339;Stellenbosch University;1;0,459170274;2;1,182334854;Moderate
47669;Stellenbosch University;2;0,738377479;1;21,40235998;Severe
48346;Stellenbosch University;2;3,351757558;1;19,38962846;Severe
82131;University of Cape Town;4;1,952394163;1;3,71367838;None
80194;Stellenbosch University;4;2,871279927;4;8,19401493;Moderate
97643;University of Cape Town;1;0,176608928;4;6,404419368;Minimal
31032;University of KwaZulu-Natal;3;1,937315644;4;12,85354994;Moderate
97806;University of Johannesburg;3;3,010654441;5;12,06422223;Minimal
60250;University of Johannesburg;1;2,716241977;5;11,09875996;Severe
66251;Stellenbosch University;4;1,511427425;1;0,558225646;Moderate
80625;University of KwaZulu-Natal;4;3,968326837;0;6,860851977;Severe
85975;University of Cape Town;3;3,648543701;6;8,680994486;None
12741;University of Johannesburg;1;0,378490193;4;1,386406905;Moderate
10570;University of Pretoria;1;3,327538731;5;11,18255908;Minimal
75158;University of Pretoria;4;0,462642544;5;11,33410306;Severe
46260;University of Cape Town;2;1,244695552;0;6,2899986;Minimal
49571;Stellenbosch University;4;1,298252259;3;13,20811653;Moderate
42596;Stellenbosch University;2;1,517809448;1;6,237784325;Minimal
92378;University of KwaZulu-Natal;1;0,86064292;5;2,750388769;Moderate
21605;University of Pretoria;4;3,249204361;5;0,46950606;Severe
45202;University of Pretoria;2;3,14112533;2;11,22539687;Minimal
36622;Stellenbosch University;3;0,63295995;5;5,776223645;Minimal
13276;University of Pretoria;2;2,071124819;1;9,328149837;Minimal
71625;University of Johannesburg;2;0,655292363;6;16,13074253;Moderate
48000;University of Johannesburg;3;2,740962943;5;4,322642809;Severe
12709;University of Pretoria;1;1,06827378;0;8,858290657;Severe
84112;Stellenbosch University;1;3,452324414;6;20,08415307;Severe
62068;University of Pretoria;2;1,980914463;0;19,70684163;None
41624;University of Johannesburg;2;1,958319228;6;4,057035;Severe
29244;University of Pretoria;4;3,196200359;3;18,12388748;Severe
11023;Stellenbosch University;3;1,135067971;5;18,51778345;Severe
65447;Stellenbosch University;4;3,583420125;1;15,90210956;Moderate
46959;University of Johannesburg;2;1,777568311;2;11,40687173;Severe
28113;University of Johannesburg;2;3,514207757;6;15,57318617;Severe
84142;University of Johannesburg;3;1,706292562;0;19,17820513;None
10256;University of Cape Town;4;0,9804529;1;19,99790172;None
69426;University of Johannesburg;1;2,775354493;5;8,173628131;None
49253;University of KwaZulu-Natal;4;1,299792908;4;4,552208127;Moderate
51477;University of KwaZulu-Natal;4;2,734951888;3;4,766990024;Moderate
72586;Stellenbosch University;2;2,180882289;5;7,226647681;Severe
77962;University of Cape Town;2;3,590393622;2;16,35049441;Minimal
85125;University of Johannesburg;4;1,817524548;2;2,584156752;Minimal
17500;University of Pretoria;2;1,211341571;2;17,6581661;None
89740;University of Pretoria;3;3,223567566;3;22,41117742;Severe
67923;University of Cape Town;2;1,303598269;6;14,97147461;None
28731;University of Cape Town;3;0,533733971;2;6,746169656;Severe
44456;Stellenbosch University;2;3,870869438;1;23,78095387;None
18751;University of Cape Town;1;0,4836935;2;22,91654972;Severe
29368;Stellenbosch University;1;0,67167646;4;14,78714063;Severe
11387;University of Johannesburg;4;3,244608007;6;13,39662503;Minimal
29502;University of KwaZulu-Natal;1;3,096594202;1;2,023904737;Severe
44251;University of Cape Town;2;1,824927539;0;20,78018064;None
91283;University of Pretoria;2;0,347226247;1;23,69953115;None
17823;University of Pretoria;4;2,073306219;5;7,67972338;Minimal
37369;University of Pretoria;1;3,340658334;6;10,26927449;Minimal
54090;University of KwaZulu-Natal;1;0,36305504;1;6,236077014;Severe
95980;University of Pretoria;4;0,305290439;1;13,05913265;Severe
41392;University of Cape Town;1;1,896528131;1;20,29568909;Minimal
79685;University of KwaZulu-Natal;2;1,441438709;5;18,32235077;Moderate
15341;Stellenbosch University;3;0,67825984;0;9,465551473;Severe
49716;University of Cape Town;4;0,891775161;6;12,02627086;Moderate
75645;University of Johannesburg;3;0,253796992;0;11,24329825;None
73871;University of KwaZulu-Natal;3;0,434860413;3;10,67812844;Minimal
46101;University of KwaZulu-Natal;1;1,022251331;6;13,49907688;None
70030;University of KwaZulu-Natal;3;2,197816885;6;10,51427647;Severe
83190;University of Cape Town;2;0,05379212;2;4,303462094;Minimal
17351;University of Johannesburg;2;0,389208567;2;16,92813472;None
12236;University of Pretoria;1;1,859044385;1;21,31273099;Moderate
37437;University of Cape Town;1;0,550387545;6;17,31923269;Minimal
41255;University of Cape Town;2;1,359008321;4;5,72029154;Minimal
51082;University of KwaZulu-Natal;1;2,050058245;2;10,69240919;None
48419;University of Pretoria;3;0,018732233;5;2,630624134;Minimal
27255;University of Johannesburg;2;0,809240606;3;17,59278704;Moderate
97691;University of Cape Town;1;2,804423244;5;6,978768574;Moderate
66505;University of Cape Town;1;3,917265737;5;19,92655457;Moderate
63449;University of Pretoria;2;0,837796366;5;2,341350544;Moderate
22434;University of KwaZulu-Natal;3;0,338253229;4;4,958840198;Severe
86796;University of KwaZulu-Natal;3;1,134126902;4;23,69332826;Minimal
84412;University of Pretoria;1;3,031139396;2;13,6260241;Moderate
68700;University of KwaZulu-Natal;2;3,943281392;0;7,553266228;Moderate
90205;University of Cape Town;3;1,983692826;6;5,488232278;None
81607;University of Pretoria;1;0,161438321;3;13,30599912;None
36275;University of Cape Town;3;1,84782226;2;3,777898351;Minimal
25687;University of Pretoria;4;3,886103223;4;6,033785708;Severe
64218;University of Cape Town;4;3,095604954;5;12,32433129;None
66290;Stellenbosch University;1;2,738609388;4;8,609587702;Severe
94676;University of Cape Town;3;2,897931495;4;7,571209441;Moderate
33016;University of Pretoria;1;1,398194547;5;20,55934294;Severe
45991;University of Pretoria;2;1,933812568;0;14,4789903;Moderate
76246;Stellenbosch University;1;1,273624293;3;22,24168337;Severe
81904;Stellenbosch University;2;1,469228578;0;6,647228934;None
40749;University of Cape Town;4;3,237357422;0;3,039863728;None
49582;University of Johannesburg;3;1,485872089;1;19,61649002;None
38376;University of Johannesburg;3;1,840235395;6;15,23562704;None
12201;University of Pretoria;2;2,909248778;1;20,94397789;None
33081;University of KwaZulu-Natal;1;1,942837948;3;22,03864275;Minimal
63092;University of Cape Town;2;2,23677155;6;10,37385679;Severe
41224;University of Johannesburg;2;3,964159659;0;2,255108756;Minimal
58013;University of Pretoria;2;0,178853975;4;4,347238759;Minimal
30877;Stellenbosch University;4;3,50255332;6;8,582594373;None
42649;University of KwaZulu-Natal;1;0,383332069;4;6,037379409;None
18649;Stellenbosch University;2;1,375756641;4;5,045951485;None
49718;University of Pretoria;4;1,632052301;2;16,28835437;None
67878;Stellenbosch University;4;3,676010628;6;12,42952569;Minimal
54535;University of Johannesburg;3;2,626226888;2;17,52901796;Moderate
77674;University of Johannesburg;3;0,989922814;6;13,44207417;Minimal
65349;University of KwaZulu-Natal;1;0,804877869;2;21,13777889;Severe
43950;University of Johannesburg;1;0,627949513;4;11,1125182;Minimal
84454;Stellenbosch University;3;2,667815482;3;1,618684813;Moderate
79127;University of Cape Town;4;0,586956764;5;2,115300562;None
91962;University of KwaZulu-Natal;2;1,764575498;5;5,195091374;Severe
14612;University of Cape Town;2;1,540395765;2;10,11495619;Moderate
21273;University of Pretoria;3;1,29538257;0;9,971237688;None
44798;University of KwaZulu-Natal;3;0,017019067;0;12,66041072;None
15276;University of Johannesburg;2;1,441814766;3;22,53627507;Moderate
94360;Stellenbosch University;3;0,466545532;4;17,70486427;Severe
61254;University of Pretoria;1;0,312242574;6;2,189866003;None
19683;University of Johannesburg;4;1,770817493;3;1,263006473;Minimal
50878;University of Cape Town;2;1,037114581;2;18,64606415;Severe
74350;University of KwaZulu-Natal;4;2,900660772;5;0,335819537;Severe
81605;University of Pretoria;3;1,030552083;0;16,99992252;Moderate
89007;University of KwaZulu-Natal;2;1,153750519;4;17,80408068;None
90541;University of Pretoria;4;2,549443507;1;14,22521217;Minimal
97854;Stellenbosch University;3;0,426093693;6;6,486461632;Moderate
92865;University of Cape Town;3;3,6453791;4;18,94600815;Severe
71704;University of Cape Town;1;3,784665113;0;11,08737989;Severe
86689;University of Pretoria;2;0,980153686;6;11,032909;None
53477;University of Cape Town;1;1,157731032;6;2,303567913;Minimal
25048;University of Pretoria;4;1,026114163;4;19,15221302;Severe
86131;University of Johannesburg;1;1,069195985;2;13,27746924;Moderate
32570;Stellenbosch University;2;3,82518882;4;0,347844308;Minimal
96093;University of Johannesburg;1;0,662063078;1;21,86640527;Severe
50665;University of KwaZulu-Natal;2;3,481829315;0;13,79335691;Severe
68406;University of Pretoria;3;3,875507241;5;0,095024629;None
76090;University of Johannesburg;3;3,923475662;3;2,664599144;Minimal
25631;University of Johannesburg;2;3,264126336;4;14,07589486;Minimal
15107;University of Cape Town;2;2,995268433;5;9,069959795;Moderate
27350;University of KwaZulu-Natal;3;0,287749148;1;13,99012895;Minimal
14937;University of Johannesburg;2;2,080038317;3;23,51845363;None
34612;University of Johannesburg;4;3,757822432;3;5,411320556;Moderate
21490;University of KwaZulu-Natal;3;1,864412299;1;15,56856438;Severe
95646;University of Johannesburg;4;2,105311035;3;9,971338009;None
39710;University of Johannesburg;4;0,357289064;6;12,09719715;Moderate
95589;University of Pretoria;1;2,479493197;3;7,840847786;Moderate
40781;University of Johannesburg;2;1,758967242;6;9,522726375;Severe
84229;Stellenbosch University;3;3,256989448;4;10,71948112;Minimal
61359;University of Johannesburg;3;3,980769489;3;9,633421236;Minimal
91956;University of Pretoria;1;0,722958763;6;11,37635868;Moderate
26116;University of Johannesburg;3;3,227193561;6;5,323218332;Moderate
82336;University of KwaZulu-Natal;3;0,072551803;1;21,61548438;Minimal
96677;University of Cape Town;4;0,599465354;4;6,154934505;Minimal
68503;University of Cape Town;2;3,702161412;4;15,17916684;Severe
69410;University of KwaZulu-Natal;4;2,980438453;3;1,094203045;Minimal
57084;University of Pretoria;2;3,039342946;2;18,35974542;Minimal
43397;University of Johannesburg;1;3,062125638;5;20,54141628;None
56437;University of Pretoria;2;2,990637821;1;14,16537208;Minimal
28199;University of Pretoria;4;0,736509169;1;3,244098012;None
44550;Stellenbosch University;1;1,151826331;6;2,46773805;None
69500;Stellenbosch University;4;0,852448644;1;18,08150532;Moderate
31089;University of Johannesburg;4;0,866665721;4;22,02888545;None
35089;University of KwaZulu-Natal;1;2,749569747;1;20,33917463;None
19507;University of Pretoria;3;3,298170131;5;6,746670769;Minimal
13794;University of KwaZulu-Natal;1;2,372513832;3;6,956124023;Moderate
71358;Stellenbosch University;1;0,993681456;6;5,145429285;Severe
63885;University of Cape Town;1;3,393962554;5;17,3384117;Minimal
56916;University of Pretoria;2;3,724336614;6;15,34046107;Severe
41350;University of Johannesburg;1;2,760589086;0;0,242161009;Severe
23470;University of Cape Town;3;0,045366439;1;10,25016428;Moderate
64463;University of Cape Town;2;3,571041472;6;14,48966652;Severe
63993;University of Pretoria;3;2,322049364;4;20,51058104;Moderate
84240;Stellenbosch University;3;3,689444236;5;21,20738389;None
27446;Stellenbosch University;4;2,933801008;5;22,05453837;None
47086;University of KwaZulu-Natal;3;3,864884441;5;10,88307661;Severe
95574;Stellenbosch University;3;1,156692514;0;22,50570015;None
19035;Stellenbosch University;3;3,047276981;0;10,83889697;Minimal
76132;University of Johannesburg;4;3,971115793;4;9,707737873;None
34861;University of Cape Town;3;2,333858902;6;8,927843536;Moderate
26806;University of KwaZulu-Natal;3;2,302914236;1;6,01207011;Moderate
15412;Stellenbosch University;2;0,018524057;2;13,50905386;Moderate
69856;Stellenbosch University;2;0,817635888;5;13,06543724;Minimal
53859;University of Cape Town;3;3,865314362;5;4,584554267;Minimal
84814;University of KwaZulu-Natal;4;1,662781502;6;18,79368819;Moderate
75480;Stellenbosch University;3;3,668341632;3;18,19828461;None
82310;University of Johannesburg;2;1,507111819;3;17,5879712;None
31097;University of Pretoria;2;1,915114143;2;3,828192502;Minimal
27755;University of KwaZulu-Natal;3;2,980983149;4;11,13807907;Moderate
46090;University of Pretoria;1;3,435025379;3;22,95508616;Moderate
43383;Stellenbosch University;1;0,954833329;5;1,551437504;Severe
58628;University of Johannesburg;3;2,168890683;0;18,00932128;None
54321;Stellenbosch University;1;0,705865109;0;21,63460719;None
89448;University of Pretoria;2;3,990201339;4;3,823985927;Moderate
79530;University of Pretoria;3;1,484129368;1;5,356013232;Minimal
91929;University of KwaZulu-Natal;2;2,898373451;0;1,319046102;None
48372;Stellenbosch University;3;2,454695306;2;10,38168749;Moderate
27739;Stellenbosch University;2;3,750638979;6;15,39305869;Severe
96281;University of KwaZulu-Natal;4;1,994217427;5;21,35463136;None
31607;University of KwaZulu-Natal;3;0,560111992;1;18,08586118;Moderate
21776;Stellenbosch University;1;1,144094394;5;11,52497279;Moderate
66111;University of Pretoria;3;0,584929451;5;17,78658839;Minimal
78959;University of Johannesburg;1;0,572375566;0;9,854427321;Moderate
22436;University of Pretoria;1;0,349513423;5;5,872565943;None
52366;University of Cape Town;3;3,197060061;1;18,7285009;Severe
96107;University of KwaZulu-Natal;2;2,244221083;6;9,581381648;Minimal
24331;University of Johannesburg;4;2,382413568;6;5,358993199;Minimal
59531;University of Johannesburg;4;1,557346335;4;14,04127434;None
20404;University of Johannesburg;3;2,152597159;1;5,536499818;None
38375;University of Johannesburg;3;0,924771892;3;12,09262203;Minimal
92882;University of KwaZulu-Natal;4;2,70893606;5;17,07816244;Moderate
63599;University of Cape Town;1;0,394725609;4;8,915978574;Severe
67990;University of Pretoria;2;3,275450058;0;22,66322332;None
89099;University of Pretoria;4;3,831146657;5;17,26461435;Moderate
82054;University of KwaZulu-Natal;2;3,878754131;5;4,415394048;Moderate
53084;Stellenbosch University;2;2,35384498;1;4,659563981;None
62678;Stellenbosch University;2;0,996353422;3;6,048383819;None
17579;Stellenbosch University;1;1,072251608;5;11,52733814;None
10930;Stellenbosch University;3;1,078147921;2;11,03571127;Minimal
91941;University of KwaZulu-Natal;3;3,23637547;6;18,99463971;Severe
10872;University of Pretoria;4;1,262610633;3;7,889262556;None
42585;Stellenbosch University;3;3,667780032;4;23,91842254;None
76123;Stellenbosch University;4;3,744378695;3;0,011254969;None
98331;University of Pretoria;4;3,774515043;1;11,06811081;Moderate
61970;University of KwaZulu-Natal;4;0,737703238;1;1,112755493;Severe
71690;University of KwaZulu-Natal;2;2,566045559;4;17,75369961;Minimal
15437;Stellenbosch University;2;3,582994185;4;20,49877867;Moderate
87492;University of Pretoria;2;1,25744403;4;14,49346749;Moderate
16764;University of Cape Town;3;3,218277116;3;12,61724524;None
56232;University of Cape Town;1;1,860109164;5;22,92417597;Severe
44695;University of Pretoria;4;1,530738632;0;17,24895135;None
53016;University of Cape Town;3;1,88024478;0;16,71590109;Severe
58513;University of Cape Town;2;1,290657404;3;16,38549866;None
30914;University of KwaZulu-Natal;4;1,465448863;6;16,10956515;Minimal
37170;University of Pretoria;4;2,424176667;2;10,93331383;Moderate
78874;University of Cape Town;1;1,59115341;2;0,767540742;Moderate
77786;University of KwaZulu-Natal;2;3,500858169;5;1,910502758;None
18412;University of Pretoria;2;1,77032471;4;2,630690148;Severe
89321;University of Pretoria;1;1,600692978;4;9,132372712;Minimal
41923;University of Cape Town;1;3,869983398;6;2,925014917;Moderate
47349;University of Cape Town;1;3,306514042;4;2,899753539;Severe
23262;University of Cape Town;1;1,585238353;6;11,49366247;None
28301;University of KwaZulu-Natal;3;1,047774095;3;3,120782571;None
26844;University of Johannesburg;1;1,621759407;2;20,43905748;Minimal
53745;University of Cape Town;2;1,4724442;5;15,65263365;Severe
40393;University of Pretoria;1;3,878931128;6;2,253904689;Minimal
22679;University of Johannesburg;2;3,545697452;0;6,788213405;None
36315;University of KwaZulu-Natal;4;0,36208299;1;14,97918446;Minimal
98493;University of Cape Town;2;2,118062322;3;9,681455596;Minimal
71592;Stellenbosch University;4;3,786365174;1;5,21944839;Minimal
71949;University of KwaZulu-Natal;3;2,298674059;4;3,733824109;Minimal
96080;University of KwaZulu-Natal;2;1,747676234;2;3,877771313;Severe
89684;University of Pretoria;2;3,162770389;2;1,565070447;None
57631;University of Pretoria;1;3,675634266;6;19,40357752;Severe
61287;University of Cape Town;3;3,718441204;5;13,13140421;Minimal
11304;University of Johannesburg;3;1,243186344;3;17,07602863;None
28621;University of Pretoria;4;0,089270592;1;14,2294739;None
31942;University of Pretoria;2;2,335822408;0;3,495483849;None
23466;University of Cape Town;2;1,987681326;1;12,73110475;Severe
86765;University of Cape Town;1;1,89181931;3;3,414810589;Minimal
22548;University of Pretoria;2;0,544554729;2;7,180752526;Minimal
34176;University of Johannesburg;2;2,804334051;1;17,87434085;Severe
21831;University of Cape Town;2;0,648044597;0;16,81111395;Minimal
57511;University of Cape Town;2;3,814763972;6;12,03651748;Moderate
91239;University of Cape Town;1;2,175129117;4;14,52309368;None
53312;University of Cape Town;4;3,150061696;0;11,22288329;Moderate
55804;University of KwaZulu-Natal;1;1,777072172;2;10,02699213;Moderate
77941;Stellenbosch University;2;2,346058457;4;0,653792882;None
25677;University of KwaZulu-Natal;3;2,322812285;0;18,709685;Severe
78450;University of Cape Town;1;3,164409303;5;7,012615637;Moderate
91480;University of Pretoria;4;3,453813611;3;1,032720089;Severe
98365;University of Cape Town;1;2,332623664;1;19,87956574;Severe
73196;University of KwaZulu-Natal;2;1,428742393;4;5,846276654;Minimal
51138;University of Cape Town;3;0,764592231;3;7,336678163;Moderate
97676;Stellenbosch University;3;0,928057931;0;7,224572431;Minimal
99451;University of Johannesburg;3;0,218379189;0;5,163498932;Moderate
67936;University of Cape Town;4;3,112812439;3;14,50623435;None
71495;University of Pretoria;3;1,45281917;3;20,84835387;Minimal
42467;Stellenbosch University;3;1,818390832;4;10,68239256;Moderate
10296;University of Johannesburg;1;3,858249915;1;1,016220843;Moderate
12142;University of Johannesburg;3;2,551662264;4;6,065902187;Severe
53227;University of KwaZulu-Natal;4;0,629524204;5;16,12946808;None
20901;University of KwaZulu-Natal;3;1,945727927;3;9,27861754;Minimal
32775;University of KwaZulu-Natal;3;0,92829725;1;6,200506103;Severe
97552;University of KwaZulu-Natal;3;2,124586863;0;4,881013509;None
98821;University of Cape Town;2;1,234700258;5;15,44956505;None
26693;University of Johannesburg;1;1,646797582;0;8,763001051;Moderate
55557;University of Cape Town;4;3,08690823;0;0,79585058;Minimal
78073;University of Pretoria;2;2,092305994;6;9,760149228;Severe
89195;University of KwaZulu-Natal;2;1,953158786;1;1,653439057;None
27102;University of Pretoria;1;2,219886137;5;4,261339527;Moderate
74789;University of Johannesburg;2;3,005549713;1;16,91888019;None
16605;University of Johannesburg;4;1,242268554;3;21,01008013;None
37420;University of Johannesburg;4;3,518896529;1;21,42586945;None
58224;University of Johannesburg;4;1,578850259;5;1,02497041;Moderate
72770;University of Cape Town;1;3,724363497;2;11,50794124;Moderate
68417;University of Cape Town;2;1,363425694;3;9,462158918;None
15039;University of Pretoria;2;3,062851484;0;16,83945511;Minimal
60244;University of Cape Town;1;2,558717826;0;22,67479559;Severe
67159;University of KwaZulu-Natal;4;3,199008391;3;9,462458574;Minimal
70338;Stellenbosch University;1;0,227115877;1;8,592578937;Severe
82406;University of Pretoria;4;3,277287741;5;22,49382706;Severe
17101;University of Johannesburg;3;3,388227589;3;6,791449484;Moderate
21589;University of Cape Town;1;2,158677158;4;0,312012667;Severe
38341;University of Pretoria;1;2,234645253;2;13,05356787;Severe
17090;University of Pretoria;3;3,55129375;2;9,758765215;Moderate
30510;University of Johannesburg;1;2,596461419;6;13,09114207;None
82958;University of KwaZulu-Natal;1;2,431550461;3;14,00973685;Minimal
96319;University of KwaZulu-Natal;2;2,536397656;1;23,6618473;None
28641;University of Cape Town;4;3,406223126;1;4,346633565;None
15998;University of KwaZulu-Natal;3;3,96856856;5;3,239904576;Moderate
18371;University of Cape Town;3;0,271377612;4;10,59341177;Minimal
53297;University of Pretoria;3;0,97423081;1;2,583232676;Minimal
80666;University of KwaZulu-Natal;4;3,330990051;2;0,696574531;None
70096;Stellenbosch University;1;3,673652721;6;13,08173583;None
83013;Stellenbosch University;2;1,459339906;3;12,84798525;Moderate
38347;University of Johannesburg;1;1,352991732;4;11,62225372;Moderate
89241;University of Pretoria;1;1,421061347;4;3,24754634;None
85873;University of Cape Town;4;3,596229369;3;2,377383632;Severe
35685;University of KwaZulu-Natal;3;1,853627549;3;15,26072944;Minimal
56085;University of KwaZulu-Natal;1;3,337556142;5;21,09302731;Severe
17682;University of Johannesburg;2;2,794463836;0;15,56215833;Severe
77199;University of Pretoria;4;3,27937742;6;16,14151257;Moderate
21684;University of Cape Town;4;0,55758413;5;20,17883758;Minimal
95732;University of Johannesburg;1;2,908094442;3;15,32417808;Minimal
26301;University of Johannesburg;1;3,714804861;2;7,988283527;Minimal
37161;Stellenbosch University;1;2,391461471;1;6,648588355;None
55546;University of Johannesburg;2;0,745796885;1;10,72771615;Severe
88135;University of Cape Town;1;1,298795572;5;15,82526096;Moderate
25596;University of Pretoria;2;2,238980171;4;9,503309276;Severe
23310;University of Pretoria;1;0,921973759;5;4,899854585;Minimal
41699;Stellenbosch University;3;3,226000469;0;11,88916537;Severe
68233;University of Cape Town;4;0,420231079;3;10,65969392;Moderate
37031;University of Cape Town;1;1,961845936;2;2,53424415;Minimal
56483;University of Johannesburg;1;1,383597694;6;21,08000335;Minimal
99472;University of KwaZulu-Natal;1;2,332196266;4;1,049267466;Severe
27462;University of Johannesburg;4;2,154076943;5;4,133397987;None
21719;University of Johannesburg;1;2,312496216;6;7,353850295;Minimal
15994;University of KwaZulu-Natal;2;1,117812734;4;2,250605125;None
15222;University of KwaZulu-Natal;1;0,819656402;1;16,95385315;Moderate
13714;University of Pretoria;1;1,835355672;1;4,715340307;Minimal
93117;University of Johannesburg;2;1,789829983;4;1,574951188;Moderate
88955;Stellenbosch University;3;3,620444429;0;22,63502475;Moderate
26945;University of KwaZulu-Natal;3;1,864761966;3;2,081448759;Severe
90403;University of KwaZulu-Natal;1;1,275182131;0;19,07618064;None
67908;University of Cape Town;2;2,978723934;2;21,61795177;Moderate
42675;University of Cape Town;3;3,899451084;3;7,170810146;Moderate
38995;University of Pretoria;4;2,097753072;0;18,63067488;Minimal
21856;Stellenbosch University;1;2,995975674;2;19,94040369;Minimal
93197;University of KwaZulu-Natal;3;1,201940913;5;18,37527691;Minimal
54260;University of Cape Town;3;2,772773348;2;20,47643853;Moderate
59250;University of Johannesburg;1;2,82471658;0;3,130321712;None
19181;University of Pretoria;2;3,200915418;4;1,858387514;Minimal
49795;University of KwaZulu-Natal;3;1,384294401;1;9,820458392;Moderate
73995;University of KwaZulu-Natal;3;1,828194754;0;22,8224971;Moderate
74928;University of KwaZulu-Natal;3;1,763142784;2;13,63008787;Severe
26221;University of KwaZulu-Natal;3;1,588631638;5;18,12502654;Moderate
80645;University of KwaZulu-Natal;4;1,81022782;4;4,347083427;Minimal
47234;Stellenbosch University;3;2,20536348;6;19,9104492;Moderate
65697;Stellenbosch University;2;3,724443799;2;23,1154472;Moderate
41848;University of Cape Town;1;2,623772852;4;2,699069659;Moderate
12071;Stellenbosch University;3;0,970314967;1;17,96194726;Minimal
80083;University of Cape Town;3;3,628857694;0;8,786774516;None
60480;Stellenbosch University;4;0,046995022;3;5,669491962;None
40952;University of KwaZulu-Natal;1;1,49388159;1;15,17544872;Severe
57770;University of Johannesburg;3;1,540038547;3;18,83266411;Moderate
37404;University of KwaZulu-Natal;4;1,910749131;4;18,72827426;None
70509;University of Pretoria;2;2,95438355;6;21,62707874;Minimal
84981;University of Pretoria;1;0,319528949;5;18,04072758;Severe
96697;University of Cape Town;4;1,76862236;1;1,7242216;None
76442;University of Johannesburg;1;2,794803269;0;0,882606683;None
39794;University of KwaZulu-Natal;3;1,971181831;1;22,26761864;Severe
29371;University of KwaZulu-Natal;4;3,150565823;3;12,28702902;Severe
93286;University of Pretoria;1;2,493561724;4;10,68982875;Severe
97652;Stellenbosch University;2;1,090610989;6;0,071603464;Moderate
73113;University of Pretoria;1;0,12619332;4;20,57535905;Minimal
50201;University of Johannesburg;1;1,323602164;6;4,382646588;None
50189;University of Pretoria;2;3,984749154;3;13,23831545;None
51348;Stellenbosch University;3;0,717403057;3;14,45389227;Moderate
48821;University of Pretoria;4;2,848878951;2;16,0693898;None
79355;University of KwaZulu-Natal;4;1,983736951;0;16,30476218;Severe
20888;University of Johannesburg;3;2,520645366;0;1,186097895;Minimal
39921;Stellenbosch University;3;2,889385965;6;22,52469374;Severe
96550;University of Johannesburg;3;0,39623692;3;22,39493673;Moderate
98391;Stellenbosch University;4;2,888854999;0;18,52030192;Minimal
22626;University of Cape Town;1;3,252256641;2;21,59414125;Minimal
49603;University of Pretoria;2;2,206653011;2;9,015928136;Minimal
57220;Stellenbosch University;1;1,587446452;3;10,98681161;Moderate
73520;Stellenbosch University;1;3,822367449;0;21,13549172;Moderate
45347;University of Pretoria;3;1,771590294;5;11,61150857;None
86875;University of Cape Town;2;1,635632105;5;6,812413778;Moderate
99655;Stellenbosch University;2;3,203551686;0;23,95394564;Minimal
89463;University of Johannesburg;2;1,795763992;2;23,87821956;None
83207;University of Johannesburg;3;2,524960658;3;19,65651475;None
49719;University of Cape Town;3;1,954545544;0;1,322645904;Severe
11251;University of KwaZulu-Natal;1;0,476234768;2;19,23665553;Severe
28981;University of KwaZulu-Natal;2;1,7020107;5;10,96229863;Moderate
39909;University of Johannesburg;4;2,663031651;4;11,49730138;None
71519;Stellenbosch University;2;3,297174701;0;10,31268617;None
66137;University of Cape Town;1;1,992866213;0;13,74388437;None
57197;University of Cape Town;4;1,422501479;4;3,996841425;Minimal
53078;University of Johannesburg;1;2,346062485;0;14,18678645;Moderate
69884;University of Johannesburg;2;2,503231118;2;4,213352882;None
29716;University of Cape Town;4;0,792851417;4;20,84678821;None
24400;University of Johannesburg;3;0,509770286;4;4,837086692;Minimal
45995;University of Johannesburg;2;0,159600621;5;5,036849898;Moderate
63785;University of Johannesburg;4;3,503501186;1;14,10372434;None
36979;University of KwaZulu-Natal;4;0,742749941;6;8,492086295;None
64142;University of Cape Town;3;1,689153822;3;17,32220166;Minimal
18695;Stellenbosch University;4;3,299442726;3;19,55371221;Moderate
86415;University of Cape Town;2;0,264424813;1;1,927846268;Severe
82122;University of Cape Town;3;2,644467052;2;19,93248856;Minimal
34651;University of KwaZulu-Natal;4;3,68460157;3;9,081495497;Minimal
68143;University of Pretoria;2;3,885049133;4;5,252572382;Moderate
28721;University of Cape Town;2;3,541838009;2;1,389235072;Moderate
50520;University of Johannesburg;4;0,383174657;1;6,563181454;Severe
72301;University of KwaZulu-Natal;2;1,101853935;4;0,349539507;Minimal
21387;University of Cape Town;4;2,476725178;4;0,939032873;Minimal
87304;Stellenbosch University;4;2,352965546;6;18,90923657;Minimal
92888;University of Pretoria;1;1,029889826;5;9,128657003;None
67748;University of KwaZulu-Natal;2;3,967008482;2;12,0274401;None
47208;University of Johannesburg;3;2,773612528;2;11,8368079;Severe
49940;University of Pretoria;3;2,217135859;0;8,18100434;Severe
58462;University of Johannesburg;2;2,772684932;3;12,3183502;Severe
27757;Stellenbosch University;2;1,109312644;2;14,79832856;None
13417;University of Pretoria;4;2,147588723;5;6,919417353;Moderate
17936;University of Cape Town;3;2,110688411;0;3,314443593;None
33199;University of Johannesburg;3;3,863186816;5;18,98189251;None
30330;University of Pretoria;4;2,436133694;0;20,51815051;Minimal
19049;University of Johannesburg;4;0,023003019;3;10,43231575;None
64752;University of Pretoria;2;0,564826705;1;5,817302244;Moderate
41503;Stellenbosch University;3;0,441381025;6;1,058691534;None
48969;University of KwaZulu-Natal;2;2,393441151;4;16,4064178;Severe
96226;University of Cape Town;4;3,452992505;5;1,676475596;Minimal
82777;University of Johannesburg;1;1,421132986;6;19,72264908;Severe
83662;University of Cape Town;2;3,445501081;0;18,7075724;None
52382;University of Johannesburg;4;0,026704138;6;9,403294802;None
80007;University of Pretoria;3;0,362076624;5;8,130526309;Minimal
15333;University of Cape Town;3;2,100463266;1;13,65893749;Moderate
77703;University of Johannesburg;2;2,136722868;5;9,194923877;Severe
10544;University of Johannesburg;4;3,553729346;4;11,40057464;Minimal
25452;Stellenbosch University;3;1,454720605;4;11,16088374;Severe
28147;Stellenbosch University;3;0,020463028;1;11,399824;Moderate
53552;University of Johannesburg;4;2,036716493;0;5,730427095;Minimal
23732;University of KwaZulu-Natal;2;3,872498653;4;20,12191926;Moderate
45591;University of Johannesburg;4;0,5370821;2;18,32641384;Moderate
47212;University of Pretoria;2;2,657920525;1;3,720996855;Minimal
93292;University of Pretoria;4;2,21928045;5;19,00535083;None
89630;University of Cape Town;4;0,287933937;6;5,078487886;Moderate
12532;Stellenbosch University;1;3,349444006;4;13,58345953;Severe
47459;University of Cape Town;4;1,132170097;4;11,24985927;Severe
21374;University of Johannesburg;3;0,051781398;1;9,279951265;None
46561;University of KwaZulu-Natal;1;1,704127859;1;1,856099717;Minimal
84721;Stellenbosch University;3;3,036843082;3;6,842011901;Minimal
65732;Stellenbosch University;2;0,81161059;3;2,828030015;Moderate
41134;University of Johannesburg;2;0,051671229;1;19,47812422;None
87465;Stellenbosch University;3;0,226371815;2;0,615440141;Minimal
30261;University of Johannesburg;2;1,26172616;3;17,71815351;Severe
79321;University of Cape Town;2;3,539404319;3;15,82037744;None
58600;University of Johannesburg;2;1,53040518;4;21,31380382;Moderate
16832;University of KwaZulu-Natal;2;1,316255325;4;14,85204357;None
26231;University of KwaZulu-Natal;3;0,528321876;4;12,12738328;Minimal
80225;University of Johannesburg;2;2,48361179;2;21,28863326;Moderate
41396;Stellenbosch University;3;2,882054065;6;7,043643193;None
58823;Stellenbosch University;4;2,741783577;5;8,689685334;None
81477;University of KwaZulu-Natal;3;0,74795743;1;5,71665889;Moderate
64596;Stellenbosch University;3;0,275601722;1;10,66962332;Severe
36764;University of Johannesburg;2;0,411589145;5;13,29818373;None
34722;University of Johannesburg;2;1,958583489;4;15,15145249;Severe
85073;University of KwaZulu-Natal;2;2,635626473;6;18,57462535;None
32065;Stellenbosch University;2;1,701047399;3;16,11455629;None
20250;University of Johannesburg;3;2,481326725;5;15,75600027;Severe
67683;University of Pretoria;4;0,864185003;0;2,800308095;None
15088;University of Cape Town;2;1,376950479;4;16,27290885;Minimal
93939;University of Johannesburg;2;2,129325254;0;23,20348111;None
38358;University of Pretoria;3;1,998589388;6;0,504007752;None
42059;University of Pretoria;2;0,360478678;5;12,53604491;None
85940;University of KwaZulu-Natal;3;0,682474197;6;10,35758856;Moderate
71310;University of KwaZulu-Natal;4;1,985659561;3;2,762487162;Moderate
16386;Stellenbosch University;4;1,401646973;6;12,07690271;Minimal
72553;University of Pretoria;3;1,635473746;6;12,68287215;Minimal
80643;University of Cape Town;4;3,407874831;5;21,32867595;Severe
65101;University of KwaZulu-Natal;3;0,600989033;0;10,52306544;Severe
86591;University of KwaZulu-Natal;3;0,226891652;0;19,84824561;Moderate
22385;University of KwaZulu-Natal;2;0,289143829;2;8,952967242;Moderate
53507;University of Pretoria;4;3,676162051;4;14,9076508;Severe
80741;University of Cape Town;3;3,55231948;2;7,472691793;Minimal
59026;University of KwaZulu-Natal;2;2,369269768;5;15,730646;Severe
65258;University of Pretoria;2;3,522925027;4;16,04402036;Severe
83169;Stellenbosch University;1;3,336728979;3;5,94595031;Minimal
35438;University of Cape Town;3;3,51096491;4;15,97713665;Minimal
44533;University of Pretoria;1;2,076987079;2;0,327257938;Minimal
65590;Stellenbosch University;1;2,292255324;6;19,04565511;Moderate
69207;Stellenbosch University;2;1,607295591;6;21,19771904;Moderate
95470;University of Johannesburg;4;1,998856564;1;7,232554616;None
53840;University of Pretoria;2;1,959123485;6;6,899202784;Moderate
64834;Stellenbosch University;2;2,53131819;2;16,90257701;Moderate
66255;University of Johannesburg;1;3,570255262;3;1,986354236;Minimal
56501;University of Cape Town;2;2,6318484;1;8,679814196;Severe
22435;Stellenbosch University;1;3,003909506;6;21,19425134;Minimal
21002;Stellenbosch University;3;1,510727844;4;21,18534814;Minimal
12121;University of KwaZulu-Natal;3;2,739540188;1;23,13998507;Minimal
16461;University of Cape Town;3;1,825746498;0;19,815562;Severe
32583;University of Johannesburg;2;2,280988192;6;20,96488386;Moderate
27582;Stellenbosch University;2;0,99022068;4;1,371561784;Minimal
78439;University of Johannesburg;4;2,972760756;1;6,900079419;None
68431;University of Pretoria;1;3,819079934;2;21,30187583;Moderate
33955;Stellenbosch University;1;3,266895785;0;5,450357533;Moderate
42226;University of Cape Town;1;0,939734702;6;9,257265839;Severe
38169;University of Pretoria;3;3,967205643;4;23,12725068;Minimal
81474;University of Cape Town;3;1,920854242;5;22,8880343;Severe
85122;University of KwaZulu-Natal;4;3,490684309;5;2,674936888;Minimal
45714;University of KwaZulu-Natal;2;0,162572145;6;21,82426648;Severe
98141;University of Johannesburg;4;1,046805893;3;21,08113059;Moderate
62444;University of Cape Town;1;3,092758872;0;16,20254678;None
12368;University of Pretoria;2;0,205958373;0;7,083126761;Minimal
43649;University of Pretoria;1;3,792425906;4;4,873358525;Severe
72227;University of Pretoria;1;1,428704285;4;3,542310574;None
32722;University of KwaZulu-Natal;2;0,018161475;5;12,46662464;Minimal
39433;University of Johannesburg;3;1,832184265;1;13,70377609;None
71281;University of KwaZulu-Natal;1;3,634989989;5;20,12848853;None
96111;University of Pretoria;3;1,436262482;1;1,12020473;Severe
95781;University of Johannesburg;2;3,374887836;1;9,987157738;Minimal
28915;University of KwaZulu-Natal;3;3,213882911;0;12,67375286;Minimal
46383;University of Pretoria;1;0,506322016;3;15,9296275;Moderate
91388;University of Pretoria;2;3,140479397;4;3,737108041;Minimal
77035;University of Cape Town;2;3,248439676;3;10,03306163;Minimal
95625;University of Johannesburg;3;1,606392637;2;5,577416279;Moderate
76817;University of Pretoria;2;3,911713076;6;9,419123989;Minimal
91824;Stellenbosch University;4;2,458202667;6;3,940271325;Minimal
67789;Stellenbosch University;2;1,75728185;5;0,015325583;Moderate
25664;University of Cape Town;3;1,785140113;1;19,72652134;Moderate
63659;University of Johannesburg;3;0,624272168;6;13,21139483;Severe
32790;University of KwaZulu-Natal;1;1,848730719;2;21,80292376;None
57895;Stellenbosch University;2;2,165712141;2;18,11803674;Moderate
88079;University of Cape Town;1;2,201266397;5;9,525994982;Severe
42550;University of Pretoria;1;2,585777791;2;9,905536022;Severe
55139;Stellenbosch University;2;0,460255756;6;1,766897057;None
77204;University of Johannesburg;4;3,19109839;4;11,07804883;Moderate
27465;University of Johannesburg;4;3,163306999;2;0,610961521;Severe
47863;University of Pretoria;3;2,831681332;6;13,27785248;Moderate
80685;University of Johannesburg;2;3,195164945;1;12,40615993;Severe
34325;University of Pretoria;4;3,281320742;5;14,7780538;Moderate
26371;University of KwaZulu-Natal;3;3,745319307;1;20,74347878;Severe
15504;University of KwaZulu-Natal;4;0,054631328;1;5,129154834;Minimal
66777;University of KwaZulu-Natal;1;3,160990278;1;8,93285548;Minimal
21443;University of Pretoria;3;2,209784585;5;19,97249556;Minimal
84896;University of Pretoria;3;0,178557388;3;18,93306917;Moderate
60909;Stellenbosch University;2;2,926190267;0;7,335032889;None
77949;University of KwaZulu-Natal;2;2,177516901;6;6,913758414;Moderate
13648;University of Johannesburg;4;1,85425269;0;5,289996125;None
24141;University of KwaZulu-Natal;3;0,527231891;0;19,18617708;Severe
99839;Stellenbosch University;1;0,765162407;3;17,94323974;Severe
31540;University of Johannesburg;2;3,506640589;1;15,55638599;Minimal
99956;Stellenbosch University;2;0,40758691;0;6,376897476;None
54898;University of KwaZulu-Natal;3;2,00151702;1;11,77644639;Severe
58020;University of Johannesburg;4;3,996006969;3;16,51981707;Severe
39804;University of Johannesburg;3;2,113031701;1;9,453058748;Severe
77770;Stellenbosch University;3;3,202216138;3;12,77508527;Severe
46721;University of Cape Town;1;1,76399816;0;21,74917967;Minimal
24265;University of Johannesburg;3;1,881011858;1;11,96922347;Severe
22206;University of Johannesburg;1;1,203590602;3;15,37842111;Moderate
64425;University of KwaZulu-Natal;2;0,063376078;0;23,33556437;Moderate
44042;Stellenbosch University;1;3,683912117;6;23,68712827;Moderate
46694;University of Pretoria;2;2,819167743;2;21,85672383;Moderate
19539;University of Pretoria;1;3,815983559;3;4,712664369;Moderate
43901;University of Pretoria;4;0,607620811;4;3,523005252;Minimal
87947;University of KwaZulu-Natal;1;3,761846674;4;2,372610158;None
33888;University of Pretoria;4;0,20577358;3;0,509204796;None
57602;University of Pretoria;3;2,673306341;2;20,51970114;Minimal
28395;University of Cape Town;4;3,522574597;3;17,47350557;Moderate
67192;University of Pretoria;1;2,446092699;5;12,66072908;Severe
73498;University of KwaZulu-Natal;3;0,065268687;3;5,607978853;None
96249;University of Cape Town;4;0,639763296;3;22,34638984;Severe
55290;Stellenbosch University;2;1,731990321;5;23,42646413;None
95650;Stellenbosch University;4;2,354135799;4;16,09286281;None
78540;University of KwaZulu-Natal;1;3,112299869;0;20,8734219;None
18559;University of Cape Town;4;3,812473675;6;22,82099595;None
83095;Stellenbosch University;4;3,263423585;5;13,30735039;Minimal
22918;Stellenbosch University;1;1,548468915;1;21,82964997;Moderate
72858;University of Cape Town;4;2,631475121;2;10,1048718;None
19630;University of Johannesburg;3;3,113328021;4;16,35803893;Severe
44360;University of KwaZulu-Natal;2;3,480066397;6;18,809776;None
83879;Stellenbosch University;1;1,955245753;1;5,824194644;None
67958;University of Pretoria;2;0,603239623;5;16,07179783;Minimal
51725;University of Pretoria;1;2,579190588;4;17,93590889;Severe
64691;University of Cape Town;4;2,553248906;4;15,86353732;None
42374;Stellenbosch University;4;3,67706964;1;1,781436575;Severe
53394;University of Cape Town;3;3,613348673;5;2,691934167;Moderate
53846;University of Pretoria;1;3,744836782;6;15,90276339;Minimal
98061;University of Pretoria;1;3,244340456;1;5,676088755;None
42023;University of Pretoria;3;3,65059941;4;0,691653431;Severe
15459;Stellenbosch University;4;2,950000342;4;2,269075892;Moderate
88901;University of KwaZulu-Natal;3;2,911768599;6;20,37645416;Moderate
39329;University of Pretoria;1;1,22480589;5;5,446942733;Minimal
29894;University of Johannesburg;2;0,657547186;5;1,297166351;Minimal
89672;University of Johannesburg;4;1,930375822;2;18,00737229;Minimal
75223;University of Cape Town;2;1,296831583;6;2,324221536;None
73310;Stellenbosch University;1;0,725064542;2;21,26754078;Severe
36645;University of Pretoria;4;3,551805418;1;22,20678151;Severe
44043;Stellenbosch University;4;0,679906414;6;1,321451872;Minimal
20549;University of Pretoria;1;3,963237069;4;2,353603336;Moderate
16145;University of KwaZulu-Natal;2;2,970669745;3;21,05384638;None
13038;University of Pretoria;4;0,331172562;3;8,350275499;None
62869;University of Pretoria;3;2,001331782;5;20,04529446;Moderate
15899;University of KwaZulu-Natal;3;2,389732981;0;10,29420488;Moderate
62212;University of Johannesburg;3;1,322862737;4;18,49818138;Severe
52502;University of Johannesburg;3;0,171974664;2;20,43659648;Moderate
76202;Stellenbosch University;1;3,398511575;5;16,82063062;None
33178;University of Cape Town;3;1,289439729;3;22,8629777;Severe
48610;University of Johannesburg;4;1,805442566;0;0,002767556;Moderate
79550;University of Pretoria;1;0,358746374;0;13,67821614;Moderate
67669;University of Johannesburg;4;0,968609514;5;21,54108901;None
90110;University of KwaZulu-Natal;2;3,498607804;0;0,933664529;Moderate
14725;University of Johannesburg;2;1,753076658;0;15,87010421;Moderate
62964;Stellenbosch University;2;0,973093597;6;2,323313647;Moderate
11821;University of Cape Town;3;1,059734826;1;20,68214365;Severe
27426;University of KwaZulu-Natal;3;1,031009101;0;10,82756955;None
68147;University of KwaZulu-Natal;2;3,089866202;2;22,74617994;Severe
21892;University of Cape Town;3;3,560424747;2;22,4784946;Moderate
56238;University of Pretoria;2;2,803104157;0;8,968139004;Minimal
39564;University of Cape Town;4;0,120604074;0;13,44332436;None
45036;University of Cape Town;3;2,126146454;4;4,638209904;Moderate
47837;University of KwaZulu-Natal;2;3,940174094;5;14,09681371;Severe
71316;University of Cape Town;4;0,601053647;0;16,48930746;Severe
81478;Stellenbosch University;4;0,254441303;6;21,81583057;None
24416;University of Pretoria;1;3,516843631;1;6,140344689;Moderate
26273;University of Johannesburg;4;3,772247482;1;21,76823129;Moderate
84971;University of Johannesburg;2;0,470770279;4;11,27036302;Minimal
85109;University of Cape Town;2;3,634620015;3;13,21825233;Severe
22298;University of Cape Town;1;1,88061445;2;2,902795769;Minimal
52859;Stellenbosch University;3;1,342178546;3;11,82510425;Severe
70897;Stellenbosch University;2;1,65828184;3;16,48736314;Minimal
31843;Stellenbosch University;4;1,05894151;1;18,09395426;Severe
90742;University of Cape Town;1;1,618256423;3;5,933306017;Minimal
83025;University of KwaZulu-Natal;2;1,660943108;3;4,871993858;Minimal
60962;Stellenbosch University;4;1,646080615;4;0,913895612;Moderate
67404;University of Pretoria;3;0,54481493;3;7,498763209;Minimal
81107;University of KwaZulu-Natal;2;3,726931554;0;16,51697138;Minimal
24479;University of Pretoria;2;2,957044817;1;7,617373741;Minimal
85860;University of Johannesburg;2;3,327676345;0;12,11613079;Minimal
81491;Stellenbosch University;2;1,515523694;2;1,984807855;Severe
98047;University of Pretoria;1;0,942995761;1;14,32064018;Severe
93416;University of Johannesburg;2;3,317842663;2;16,61919879;None
70288;University of Pretoria;1;2,114822365;3;0,848066471;Severe
21484;Stellenbosch University;4;3,994985226;5;9,925620701;Moderate
83204;University of Cape Town;1;3,691938204;4;2,973598851;Minimal
85215;University of KwaZulu-Natal;2;0,824125225;4;20,86925212;Moderate
26216;University of Pretoria;4;2,833355568;0;13,69225646;Severe
88572;University of Pretoria;4;1,624314288;0;1,978114858;Moderate
66321;University of KwaZulu-Natal;3;3,502698211;4;13,53245743;Moderate
28654;Stellenbosch University;4;0,490172849;4;20,60661422;None
31498;University of Pretoria;1;3,429472716;3;7,30726397;Moderate
12551;University of Johannesburg;2;2,372766794;2;4,498685931;Severe
77372;University of Johannesburg;4;2,873115961;2;14,08103865;Severe
34900;University of Pretoria;3;2,660028765;5;12,70562827;Minimal
69843;University of Cape Town;1;0,989380245;3;4,920110791;None
89469;University of Johannesburg;3;0,622652436;2;3,080362058;Minimal
26602;University of Pretoria;1;2,413712972;1;1,951060216;Moderate
79797;University of KwaZulu-Natal;1;2,646815723;1;3,674749531;Minimal
89138;University of Johannesburg;4;2,467254191;1;19,55327157;Severe
88704;Stellenbosch University;3;3,54209785;4;12,55450196;Minimal
89343;University of Pretoria;4;1,347539962;4;23,99710164;None
21369;University of Pretoria;3;3,776803513;5;4,897175994;Moderate
57539;Stellenbosch University;1;0,435814883;4;21,244705;Minimal
21149;University of Cape Town;4;3,926654143;1;15,5175903;Severe
16138;Stellenbosch University;2;1,539867066;5;14,60885693;Severe
76257;University of Cape Town;4;2,203865837;6;21,34661981;Minimal
76435;University of Pretoria;4;1,053266305;6;9,672374809;Severe
72269;Stellenbosch University;3;1,292631712;1;5,482605703;Moderate
21170;Stellenbosch University;1;2,537978704;5;17,96515602;Minimal
42455;University of KwaZulu-Natal;1;2,94932093;1;5,775644378;None
11319;University of Cape Town;3;2,147733759;6;18,27718274;Moderate
53095;University of Pretoria;1;2,244456463;0;3,864970204;Minimal
45899;University of KwaZulu-Natal;1;3,041637088;5;17,87818153;Moderate
65390;University of Johannesburg;4;3,31221295;0;10,72480276;Severe
59868;University of Pretoria;3;2,345279009;2;15,31632511;Moderate
55589;Stellenbosch University;2;2,090139701;2;11,44418624;Minimal
55985;University of Pretoria;4;1,572984917;1;11,62826391;Severe
54917;University of Pretoria;3;1,281411079;6;13,78859551;Severe
25443;University of Johannesburg;1;2,686075227;0;13,17962035;None
77117;Stellenbosch University;4;0,040208508;5;11,80703325;Severe
94735;University of KwaZulu-Natal;4;3,469883457;0;20,44583364;None
46151;University of Johannesburg;4;0,945403069;5;5,456674327;Moderate
85011;University of KwaZulu-Natal;4;0,369326281;3;10,37761305;Minimal
76024;Stellenbosch University;1;1,071784019;2;1,149688103;None
26071;University of Johannesburg;3;2,792004124;3;7,384184524;Severe
25902;Stellenbosch University;3;3,471916309;2;7,375896307;None
36995;University of KwaZulu-Natal;1;3,355982619;1;16,37772217;Severe
20930;Stellenbosch University;4;2,002253461;3;3,038097424;Minimal
43955;University of KwaZulu-Natal;3;3,67628193;3;11,99145001;None
11197;University of KwaZulu-Natal;4;0,167175889;4;9,979981222;Moderate
10646;Stellenbosch University;3;3,586611066;4;10,35656135;Minimal
18207;University of KwaZulu-Natal;2;0,140790616;4;9,79346555;None
67051;University of Johannesburg;2;0,889392398;5;6,31432832;Severe
50923;University of KwaZulu-Natal;1;2,388559153;5;19,46018733;None
82784;Stellenbosch University;3;0,003643931;5;5,266814795;Minimal
78866;Stellenbosch University;2;1,90185007;2;23,33908151;Minimal
62076;University of Johannesburg;1;3,650916156;2;10,87414837;Severe
81342;Stellenbosch University;1;1,272470825;0;16,87309365;Severe
85255;Stellenbosch University;1;3,271950867;3;8,092867225;Minimal
26987;University of Pretoria;4;3,278466008;2;12,94840681;None
96210;University of Pretoria;4;2,417982648;3;17,06161995;Moderate
90104;University of Cape Town;3;3,894756691;4;2,044637165;Minimal
13601;University of Johannesburg;2;2,511938445;1;1,230842933;Severe
89232;Stellenbosch University;3;3,533391375;2;20,8315938;None
34192;University of Johannesburg;1;0,944265903;1;13,67934555;Severe
71417;University of Cape Town;3;3,841845217;1;2,953069349;None
69340;University of Johannesburg;1;0,156162623;3;6,208365798;Moderate
49043;University of KwaZulu-Natal;3;3,011450697;5;19,99101109;Severe
62596;University of Pretoria;2;3,634746818;3;5,529126026;Minimal
93323;University of Pretoria;1;2,50720155;1;23,83843139;Severe
98671;Stellenbosch University;4;2,624052131;3;8,68651521;Moderate
37091;University of Cape Town;2;0,466974715;5;6,519259443;Moderate
85943;Stellenbosch University;2;3,955793729;1;14,88247613;Severe
11949;University of Johannesburg;2;0,752648567;4;11,76628419;None
66398;University of Pretoria;4;1,084494975;1;5,468077014;Minimal
79102;University of KwaZulu-Natal;1;1,461440409;0;12,92157387;Severe
41652;University of KwaZulu-Natal;1;1,645324014;0;4,236649485;Minimal
88779;University of Pretoria;2;2,763490328;2;8,213370593;Minimal
17821;Stellenbosch University;2;0,930350809;6;18,61529227;Severe
26177;University of Johannesburg;4;3,095735216;6;23,13060575;None
56484;Stellenbosch University;1;1,284373205;4;8,37635711;Moderate
91486;University of KwaZulu-Natal;1;0,520516935;5;11,84739602;Severe
31840;University of Pretoria;1;0,919045382;4;12,89809732;Moderate
78304;University of Johannesburg;3;3,591880898;3;12,57043668;Severe
62168;University of Johannesburg;1;1,67560697;2;20,41742688;Minimal
69959;University of Cape Town;1;1,995205627;2;11,46652438;Moderate
69034;Stellenbosch University;1;2,700802301;3;17,52598119;Moderate
30246;University of Cape Town;2;1,123396287;6;7,599369046;Minimal
98856;University of Johannesburg;1;0,606195656;1;8,668750706;Moderate
41894;University of Johannesburg;1;2,899562077;0;18,89875509;None
92409;Stellenbosch University;4;1,879909115;3;0,621066305;Minimal
12849;University of KwaZulu-Natal;3;1,029312292;5;0,190178494;Severe
94069;University of KwaZulu-Natal;2;3,456884378;1;2,934528525;Severe
84236;University of Johannesburg;4;0,6877321;1;17,28273036;None
10879;University of Pretoria;3;1,7216764;5;18,73216751;Severe
71158;Stellenbosch University;2;2,150508242;1;13,67607338;None
16879;University of Cape Town;4;2,39561066;2;9,709143616;Minimal
18130;University of KwaZulu-Natal;3;1,242639818;6;2,122206641;None
62166;University of Pretoria;1;2,493114144;3;17,16008826;Minimal
68278;University of Johannesburg;4;3,161659035;0;3,905746256;Moderate
34014;Stellenbosch University;2;2,67056307;1;14,08428896;Severe
91921;University of KwaZulu-Natal;2;1,124702251;6;15,63348838;None
69552;University of Cape Town;3;1,714539607;3;0,556575444;Minimal
48934;University of KwaZulu-Natal;4;3,896285672;3;18,81663366;Severe
41919;Stellenbosch University;4;0,611967742;6;8,743806394;Minimal
37147;University of Johannesburg;1;2,630813516;2;3,334071419;None
98600;University of Pretoria;2;1,07638591;4;8,673537663;Severe
48735;University of Cape Town;3;2,046587706;6;1,887074879;Moderate
98004;University of Pretoria;3;0,723416229;5;12,10006927;Moderate
75069;University of Cape Town;4;0,998989348;3;21,31007171;Moderate
73503;University of KwaZulu-Natal;2;1,956094273;5;20,13198809;Severe
57729;University of KwaZulu-Natal;1;1,582459643;3;3,758125008;None
59042;University of KwaZulu-Natal;4;1,285815649;3;9,515142005;Minimal
42785;University of Johannesburg;1;0,775061671;2;8,190887116;None
11546;University of KwaZulu-Natal;3;3,781346919;1;11,38253285;Moderate
93005;Stellenbosch University;1;1,309807207;2;8,817235709;Moderate
71392;Stellenbosch University;1;0,72459635;0;6,632935762;Severe
27016;University of Pretoria;4;0,960910779;4;21,30838971;Moderate
34071;Stellenbosch University;2;0,885492667;4;8,621951796;None
12542;University of Pretoria;1;1,928514705;6;8,731059134;Moderate
45599;University of Pretoria;3;1,229768686;0;14,02944564;Moderate
58392;University of Cape Town;3;0,312842612;0;8,411491242;None
71442;University of Johannesburg;2;2,19761896;5;15,0117804;Severe
66414;University of Cape Town;2;1,574253863;6;20,70285228;Moderate
22739;University of Johannesburg;4;3,700496649;6;12,33090064;Moderate
56318;University of KwaZulu-Natal;1;1,653921307;2;10,83019614;Minimal
19839;University of Pretoria;3;3,318609392;4;4,992629463;None
58095;University of Johannesburg;1;1,644426663;3;13,89980478;None
97214;University of Cape Town;1;3,984433735;5;6,069644468;Minimal
24781;University of KwaZulu-Natal;4;2,73402429;3;4,85997966;Minimal
57143;University of KwaZulu-Natal;4;3,556556561;1;4,337168621;Minimal
64409;University of KwaZulu-Natal;2;3,577541409;3;1,146849788;None
34206;University of Pretoria;1;2,296987128;4;16,15843223;Minimal
31138;University of Johannesburg;4;2,142216283;0;22,12592255;Severe
92875;University of Pretoria;1;3,147475914;0;3,452201795;None
88318;University of Cape Town;3;3,753858447;1;18,89658374;Minimal
24597;University of KwaZulu-Natal;4;2,412377812;0;7,636808029;Minimal
27695;University of KwaZulu-Natal;2;0,345905666;5;8,71740523;Severe
14261;Stellenbosch University;3;1,599180645;2;16,90039895;None
84380;University of Cape Town;3;1,346361645;3;15,90231965;Severe
66429;Stellenbosch University;3;0,453021476;0;15,89073109;Minimal
37258;University of Cape Town;2;2,50531539;4;9,870645651;Moderate
23059;University of Cape Town;3;0,677563953;6;23,56731477;Severe
63788;Stellenbosch University;3;2,474663572;0;9,433937206;Minimal
48351;University of Johannesburg;3;2,44168312;0;7,422239641;Severe
40358;University of Johannesburg;3;0,481458599;3;23,58297471;Minimal
65823;Stellenbosch University;3;0,847075685;6;11,36851235;Minimal
32966;University of Pretoria;1;2,039950424;4;2,29512658;Minimal
83693;University of Pretoria;1;1,597719799;1;7,805509733;Moderate
75782;University of KwaZulu-Natal;2;1,005313784;4;13,04908526;Severe
96174;University of Johannesburg;1;3,43513097;3;19,01468438;Severe
98568;University of Johannesburg;3;0,512935485;2;1,986815929;Minimal
26558;Stellenbosch University;4;0,373098395;2;20,85510695;None
17469;University of KwaZulu-Natal;3;0,476107739;1;13,56403824;Moderate
58280;University of Pretoria;2;1,931150903;2;8,538666369;None
50241;University of Johannesburg;1;2,714436532;1;11,18609059;None
28561;University of KwaZulu-Natal;2;3,043534146;3;3,832646612;Moderate
43723;Stellenbosch University;2;0,887169325;5;22,19314438;Moderate
15373;University of Cape Town;4;3,368911777;6;4,934422577;Moderate
13583;University of Pretoria;3;3,633249379;4;12,30245042;Moderate
61598;University of Pretoria;4;2,329643872;4;14,72843893;Moderate
42112;Stellenbosch University;1;0,902293336;2;17,56370388;None
85297;University of Pretoria;3;1,451711026;2;5,759133415;Minimal
75313;University of KwaZulu-Natal;2;1,428703186;1;2,109400583;Moderate
20863;University of Cape Town;4;1,666625655;2;18,81970974;Minimal
22140;University of Cape Town;2;2,113279289;2;13,61088462;Severe
17675;University of Cape Town;4;2,059913491;5;9,186168733;None
93957;University of Pretoria;4;3,951070263;0;0,279610245;Minimal
93476;University of KwaZulu-Natal;4;1,372191191;3;9,583180994;None
68433;University of Pretoria;2;1,817078254;3;10,23903264;Severe
81731;University of Johannesburg;2;2,73545022;0;11,20702723;Moderate
37468;University of Cape Town;1;1,159608077;2;17,22848678;Moderate
37690;Stellenbosch University;3;0,388161965;2;17,4931748;Moderate
42532;University of Pretoria;4;3,691595806;2;19,83293417;Minimal
83169;Stellenbosch University;4;0,231036233;2;13,59691704;Severe
87876;University of Johannesburg;4;1,357184971;3;22,25018401;Severe
88401;Stellenbosch University;1;1,006375987;2;18,16803158;Minimal
60318;University of Cape Town;1;0,70650572;0;16,54401836;Moderate
45649;University of Johannesburg;1;0,344931393;5;17,02404993;Severe
78435;University of Cape Town;1;2,248063083;1;5,423031505;Minimal
13914;University of Pretoria;3;0,72576532;2;21,95351468;Moderate
41859;University of Johannesburg;3;1,218938597;1;10,62523465;Moderate
64432;Stellenbosch University;1;1,561883615;0;22,69589418;Minimal
75377;University of Pretoria;2;1,565634113;2;17,29790309;Moderate
26358;University of Pretoria;4;1,698327629;3;1,246519226;Minimal
80972;University of Pretoria;1;1,331833952;3;6,969853153;Severe
27844;University of KwaZulu-Natal;1;2,172407696;6;8,182210426;None
17302;University of Cape Town;3;0,90347962;5;19,21039103;Minimal
19221;Stellenbosch University;1;1,441625669;3;9,408786507;None
56997;University of Pretoria;4;1,760217217;0;14,07877536;Moderate
79380;Stellenbosch University;3;1,682496601;2;22,62229696;None
23556;University of Pretoria;2;1,077989352;4;8,501510223;None
84380;Stellenbosch University;3;0,094104517;0;7,074322506;Severe
18839;University of Pretoria;3;1,030712532;1;16,2874681;None
18000;University of Pretoria;4;3,432778209;4;7,272416327;Minimal
50613;University of Johannesburg;3;0,752133714;2;3,802508921;None
83503;University of Pretoria;3;3,011324672;1;6,13571833;Moderate
53602;University of KwaZulu-Natal;4;2,670447682;5;20,13753685;Minimal
86487;Stellenbosch University;3;3,188449222;0;2,038541616;None
11282;University of Cape Town;3;0,167777691;1;11,04851304;Minimal
65807;University of Pretoria;1;3,772782642;3;17,21205477;Minimal
13743;University of Pretoria;2;3,539386459;2;7,622522552;Moderate
53714;University of KwaZulu-Natal;2;0,023608455;5;16,0838114;Moderate
48211;University of Pretoria;3;0,972740797;6;6,480992817;Severe
43193;University of Johannesburg;2;1,431874548;2;8,286404367;Moderate
10707;University of Cape Town;3;1,722803448;6;16,74726556;Severe
83795;University of Johannesburg;2;0,673858348;5;14,90622991;Minimal
80613;University of Cape Town;1;3,564167762;1;15,05175415;Moderate
81959;University of Pretoria;3;3,255716044;4;2,635296159;Minimal
69170;Stellenbosch University;1;1,806582062;6;9,667215025;None
92580;Stellenbosch University;4;1,031822354;4;22,47604762;Severe
47713;University of Pretoria;1;0,724750949;5;6,212549402;Severe
12368;Stellenbosch University;4;3,023316054;3;9,512521945;Moderate
92867;Stellenbosch University;2;2,784245988;6;9,087508466;None
95664;University of Cape Town;2;2,305276171;6;16,48162578;Minimal
30390;University of Pretoria;1;3,84796094;2;21,10260676;Severe
83980;University of KwaZulu-Natal;1;2,752040813;5;23,24374115;Severe
68747;University of Johannesburg;3;1,108040776;5;16,07891883;Moderate
48790;University of Cape Town;2;1,022021014;6;4,671892668;None
69815;University of Cape Town;3;1,527189867;2;7,778481999;Moderate
64341;University of Johannesburg;3;1,784185718;1;14,5648282;None
86105;University of Pretoria;2;2,957628298;3;2,091228749;Minimal
93000;Stellenbosch University;4;0,207698798;6;9,298108452;Severe
77271;University of Pretoria;4;2,112242018;1;5,03619493;Minimal
48478;University of Cape Town;2;2,397151861;4;6,306591895;Severe
79940;University of Johannesburg;2;2,509779955;2;20,06953365;Moderate
51356;University of Johannesburg;2;3,420783256;5;14,6095999;None
42494;University of KwaZulu-Natal;2;1,345207575;1;23,03914673;Moderate
83510;University of Cape Town;2;2,23895128;1;11,67869964;Severe
51461;University of Pretoria;3;1,89158764;6;21,62567818;None
81534;University of Cape Town;3;0,34584822;3;13,31914077;None
31807;University of Johannesburg;2;2,965872796;0;5,943032806;Moderate
81740;University of Johannesburg;3;1,452555242;0;17,22998473;Severe
31012;University of Cape Town;3;3,054016404;4;11,71278625;None
15601;University of Pretoria;4;3,164763439;3;3,42425231;Severe
31445;University of Cape Town;3;3,744969354;6;16,43729209;Minimal
58100;University of Pretoria;3;1,567455677;1;2,127061453;Severe
70183;University of KwaZulu-Natal;2;3,148284069;4;18,09005001;None
85805;University of Pretoria;4;1,178273879;5;23,69909481;Minimal
37929;University of Pretoria;1;2,625376541;2;23,55525406;None
86278;University of KwaZulu-Natal;1;1,703110412;5;0,417219405;None
20167;University of Cape Town;2;1,380067822;6;23,45850257;None
82953;University of Johannesburg;2;3,98292013;0;4,404941489;None
59555;Stellenbosch University;3;1,882867401;4;3,898517611;Severe
65468;University of Johannesburg;3;1,448720873;0;7,856634854;Minimal
40880;University of Cape Town;3;3,622717589;2;0,895002774;None
20202;Stellenbosch University;1;1,434571312;6;0,114022669;Moderate
89557;University of KwaZulu-Natal;1;3,853271959;3;23,57204926;Moderate
69644;University of Pretoria;4;3,831489282;5;16,58045011;Minimal
31415;Stellenbosch University;4;3,442922952;1;5,789514336;Minimal
19987;University of KwaZulu-Natal;4;1,732295814;5;4,985753316;Minimal
59607;University of Johannesburg;1;2,767118253;6;12,72770693;Minimal
78135;University of Johannesburg;4;1,833665646;1;15,35839609;Severe
35688;University of KwaZulu-Natal;3;0,499972505;5;19,52554725;None
10315;University of Cape Town;1;3,698540395;3;21,92191061;Minimal
13779;University of Johannesburg;3;0,42144622;3;19,03431025;None
40863;University of Pretoria;1;3,266276792;4;19,00238136;None
66376;Stellenbosch University;1;1,758893221;5;22,2166163;None
16524;Stellenbosch University;1;2,911548989;6;20,62428222;Severe
40108;University of KwaZulu-Natal;3;0,380036006;1;17,9880078;Moderate
50168;University of KwaZulu-Natal;1;3,910826399;0;4,941242301;None
62940;University of Johannesburg;4;3,633407649;6;21,01578892;Moderate
57514;University of KwaZulu-Natal;4;0,575469419;1;7,141552266;Severe
43159;Stellenbosch University;1;1,387382964;5;22,72038304;None
28920;University of Pretoria;3;0,688899984;6;9,287594041;Moderate
71728;University of Johannesburg;1;3,438049491;0;18,36462851;None
31730;University of Johannesburg;2;2,847764174;0;19,70232275;None
23180;University of Cape Town;2;1,629512836;4;18,65356609;Moderate
17949;University of KwaZulu-Natal;2;2,611222557;3;12,69624789;Moderate
18442;University of Pretoria;1;2,133882058;6;2,131087973;Minimal
16840;University of KwaZulu-Natal;1;1,829606599;6;3,158176177;None
30600;University of Cape Town;4;0,359904475;4;13,42694279;None
44609;Stellenbosch University;1;0,173278081;5;9,071203308;Moderate
73921;University of Pretoria;3;2,723157849;3;13,35586922;Minimal
92358;University of KwaZulu-Natal;4;3,313939098;5;13,02495871;Moderate
47023;Stellenbosch University;1;1,022178521;3;4,785639634;Severe
97049;University of Cape Town;4;0,901023522;4;8,069530237;Severe
47284;University of Cape Town;3;2,713698052;3;8,130326449;Minimal
30397;University of KwaZulu-Natal;3;0,434705872;3;8,689824231;Moderate
89574;University of Pretoria;2;2,000656415;0;10,06378619;Minimal
76055;Stellenbosch University;3;1,827683437;0;7,706785993;Minimal
57596;University of Pretoria;1;3,312308494;3;22,18539126;Moderate
27167;University of Johannesburg;4;2,000866578;3;22,59252187;Minimal
70340;University of Cape Town;2;0,005452626;3;9,177735567;Minimal
51647;University of Cape Town;1;2,13615298;5;18,10843348;Minimal
71262;Stellenbosch University;2;3,019127851;6;5,427729892;Minimal
27909;University of Pretoria;3;3,349553942;3;18,37969884;Severe
67594;Stellenbosch University;1;2,931148046;6;22,37166656;None
13570;University of Johannesburg;1;1,141472274;6;16,08217077;Minimal
66894;University of Pretoria;2;0,4565369;0;23,23066439;None
50860;University of KwaZulu-Natal;2;1,199903306;5;19,3689397;Minimal
61493;University of Cape Town;3;1,509970421;1;11,28108703;Moderate
63412;University of Johannesburg;2;2,047524537;1;22,85077194;None
